{"cameraMode":{"drawMode":0,"name":"Shaded","section":"Shading Mode"},"sceneLighting":true,"audioPlay":false,"sceneViewState":{"showFog":true,"showMaterialUpdate":false,"showSkybox":true,"showFlares":true,"showImageEffects":true,"showParticleSystems":true},"in2DMode":false,"pivot":{"x":240.5684051513672,"y":87.50834655761719,"z":40.29600143432617},"rotation":{"x":-0.027299711480736734,"y":-0.021892929449677469,"z":0.0005981611902825534,"w":-0.9993883371353149},"size":470.1618957519531,"orthographic":false}